{
  "entity": "Petroperú S.A.",
  "currency": "USD",
  "unit": "thousands",
  "data_status": [
    "verified"
  ],
  "rows": [
    {
      "year": 2019,
      "currency": "USD",
      "unit": "thousands",
      "revenue": 4668046.0,
      "cogs": 4139942.0,
      "opex": 175394.0,
      "depreciation_amortization": 87559.0,
      "interest_expense": 37398.0,
      "income_tax": 0.0,
      "net_income": 170952.0,
      "cash": 375699.0,
      "accounts_receivable": 362632.0,
      "inventory": 654419.0,
      "current_assets": 1571000.0,
      "total_assets": 7087041.0,
      "current_liabilities": 1935164.0,
      "short_term_debt": 1009994.0,
      "long_term_debt": 3153745.0,
      "total_liabilities": 5178779.0,
      "equity": 1908262.0,
      "data_status": "verified",
      "balance_ok": true,
      "balance_diff": 0.0,
      "fx_sol_usd": null,
      "wti_usd_bbl": null,
      "gross_profit": 528104.0,
      "ebit": 265151.0,
      "ebitda": 352710.0,
      "ebitda_margin": 0.07555838138698719,
      "net_margin": 0.0366217470864683,
      "total_debt": 4163739.0,
      "working_capital": -364164.0,
      "roa": 0.024121773812229956,
      "roe": 0.08958518274744244,
      "current_ratio": 0.8118174997054514,
      "acid_test": 0.4736451277514464,
      "debt_ratio": 0.7307392464640744,
      "debt_to_equity": 2.713872099323887,
      "net_debt_to_ebitda": 10.73981457854895,
      "interest_coverage": 7.08997807369378,
      "operating_cash_flow_proxy": 258511.0,
      "flag_negative_equity": false
    },
    {
      "year": 2020,
      "currency": "USD",
      "unit": "thousands",
      "revenue": 3121759.0,
      "cogs": 2862410.0,
      "opex": 195833.0,
      "depreciation_amortization": 63284.0,
      "interest_expense": 33278.0,
      "income_tax": -25951.0,
      "net_income": -67280.0,
      "cash": 84818.0,
      "accounts_receivable": 287853.0,
      "inventory": 417612.0,
      "current_assets": 951287.0,
      "total_assets": 7259757.0,
      "current_liabilities": 2083404.0,
      "short_term_debt": 1196648.0,
      "long_term_debt": 3217750.0,
      "total_liabilities": 5418775.0,
      "equity": 1840982.0,
      "data_status": "verified",
      "balance_ok": true,
      "balance_diff": 0.0,
      "fx_sol_usd": null,
      "wti_usd_bbl": null,
      "gross_profit": 259349.0,
      "ebit": 232.0,
      "ebitda": 63516.0,
      "ebitda_margin": 0.0203462214732143,
      "net_margin": -0.021551951960417186,
      "total_debt": 4414398.0,
      "working_capital": -1132117.0,
      "roa": -0.009267527824967144,
      "roe": -0.03654571310311562,
      "current_ratio": 0.456602272050932,
      "acid_test": 0.2561553112118437,
      "debt_ratio": 0.7464127242826447,
      "debt_to_equity": 2.943415524975258,
      "net_debt_to_ebitda": 68.16518672460482,
      "interest_coverage": 0.006971572810866038,
      "operating_cash_flow_proxy": -3996.0,
      "flag_negative_equity": false
    },
    {
      "year": 2021,
      "currency": "USD",
      "unit": "thousands",
      "revenue": 4218444.0,
      "cogs": 3764406.0,
      "opex": 127050.0,
      "depreciation_amortization": 66664.0,
      "interest_expense": 35783.0,
      "income_tax": -105161.0,
      "net_income": 67937.0,
      "cash": 239557.0,
      "accounts_receivable": 302091.0,
      "inventory": 641323.0,
      "current_assets": 1458893.0,
      "total_assets": 8685536.0,
      "current_liabilities": 2301421.0,
      "short_term_debt": 824511.0,
      "long_term_debt": 4240973.0,
      "total_liabilities": 6776617.0,
      "equity": 1908919.0,
      "data_status": "verified",
      "balance_ok": true,
      "balance_diff": 0.0,
      "fx_sol_usd": null,
      "wti_usd_bbl": null,
      "gross_profit": 454038.0,
      "ebit": 260324.0,
      "ebitda": 326988.0,
      "ebitda_margin": 0.077513889007416,
      "net_margin": 0.016104753316625753,
      "total_debt": 5065484.0,
      "working_capital": -842528.0,
      "roa": 0.00782185463280562,
      "roe": 0.035589252346485106,
      "current_ratio": 0.633909658424078,
      "acid_test": 0.3552457373075157,
      "debt_ratio": 0.7802186301455661,
      "debt_to_equity": 3.5499761907131733,
      "net_debt_to_ebitda": 14.758728149045226,
      "interest_coverage": 7.275074756169131,
      "operating_cash_flow_proxy": 134601.0,
      "flag_negative_equity": false
    },
    {
      "year": 2022,
      "currency": "USD",
      "unit": "thousands",
      "revenue": 5580888.0,
      "cogs": 5539945.0,
      "opex": 155943.0,
      "depreciation_amortization": 114403.0,
      "interest_expense": 155299.0,
      "income_tax": 53109.0,
      "net_income": -271219.0,
      "cash": 88746.0,
      "accounts_receivable": 471673.0,
      "inventory": 1032909.0,
      "current_assets": 2093469.0,
      "total_assets": 9941598.0,
      "current_liabilities": 2265287.0,
      "short_term_debt": 867741.0,
      "long_term_debt": 4099706.0,
      "total_liabilities": 7289275.0,
      "equity": 2652323.0,
      "data_status": "verified",
      "balance_ok": true,
      "balance_diff": 0.0,
      "fx_sol_usd": null,
      "wti_usd_bbl": null,
      "gross_profit": 40943.0,
      "ebit": -229403.0,
      "ebitda": -115000.0,
      "ebitda_margin": -0.02060603975568046,
      "net_margin": -0.048597821708659984,
      "total_debt": 4967447.0,
      "working_capital": -171818.0,
      "roa": -0.027281227826753806,
      "roe": -0.10225715344624316,
      "current_ratio": 0.9241517741460574,
      "acid_test": 0.4681790872414842,
      "debt_ratio": 0.7332095906513219,
      "debt_to_equity": 2.748260675641692,
      "net_debt_to_ebitda": -42.42348695652174,
      "interest_coverage": -1.4771698465540666,
      "operating_cash_flow_proxy": -156816.0,
      "flag_negative_equity": false
    },
    {
      "year": 2023,
      "currency": "USD",
      "unit": "thousands",
      "revenue": 4009084.0,
      "cogs": 4367623.0,
      "opex": 79461.0,
      "depreciation_amortization": 584288.0,
      "interest_expense": 264769.0,
      "income_tax": -194144.0,
      "net_income": -1064381.0,
      "cash": 41147.0,
      "accounts_receivable": 279226.0,
      "inventory": 854410.0,
      "current_assets": 1644367.0,
      "total_assets": 9890169.0,
      "current_liabilities": 5141609.0,
      "short_term_debt": 2062428.0,
      "long_term_debt": 3085690.0,
      "total_liabilities": 8302227.0,
      "equity": 1587942.0,
      "data_status": "verified",
      "balance_ok": true,
      "balance_diff": 0.0,
      "fx_sol_usd": null,
      "wti_usd_bbl": null,
      "gross_profit": -358539.0,
      "ebit": -1022288.0,
      "ebitda": -438000.0,
      "ebitda_margin": -0.10925188896017145,
      "net_margin": -0.2654923169482106,
      "total_debt": 5148118.0,
      "working_capital": -3497242.0,
      "roa": -0.1076201023460772,
      "roe": -0.6702895949600174,
      "current_ratio": 0.31981564525812833,
      "acid_test": 0.15364003758356576,
      "debt_ratio": 0.839442379599378,
      "debt_to_equity": 5.2282936026630695,
      "net_debt_to_ebitda": -11.659751141552512,
      "interest_coverage": -3.861056241478421,
      "operating_cash_flow_proxy": -480093.0,
      "flag_negative_equity": false
    },
    {
      "year": 2024,
      "currency": "USD",
      "unit": "thousands",
      "revenue": 3527320.0,
      "cogs": 3813330.0,
      "opex": 9990.0,
      "depreciation_amortization": 289631.0,
      "interest_expense": 383755.0,
      "income_tax": -181502.0,
      "net_income": -773905.0,
      "cash": 130856.0,
      "accounts_receivable": 219660.0,
      "inventory": 723183.0,
      "current_assets": 1401276.0,
      "total_assets": 9939122.0,
      "current_liabilities": 3301261.0,
      "short_term_debt": 1800263.0,
      "long_term_debt": 3810395.0,
      "total_liabilities": 7507394.0,
      "equity": 2431728.0,
      "data_status": "verified",
      "balance_ok": true,
      "balance_diff": 0.0,
      "fx_sol_usd": null,